{"cameraMode":{"drawMode":0,"name":"Shaded","section":"Shading Mode"},"sceneLighting":true,"audioPlay":false,"sceneViewState":{"m_AlwaysRefresh":false,"showFog":true,"showSkybox":true,"showFlares":true,"showImageEffects":true,"showParticleSystems":true,"showVisualEffectGraphs":true,"m_FxEnabled":true},"in2DMode":false,"pivot":{"x":-16.468795776367189,"y":-20.279422760009767,"z":-133.03781127929688},"rotation":{"x":-0.03692302852869034,"y":0.9021455645561218,"z":-0.4228605329990387,"w":-0.07893047481775284},"size":125.51587677001953,"orthographic":false}