{"cameraMode":{"drawMode":0,"name":"Shaded","section":"Shading Mode"},"sceneLighting":true,"audioPlay":false,"sceneViewState":{"m_AlwaysRefresh":false,"showFog":true,"showSkybox":true,"showFlares":true,"showImageEffects":true,"showParticleSystems":true,"showVisualEffectGraphs":true,"m_FxEnabled":true},"in2DMode":false,"pivot":{"x":41.180423736572269,"y":16.12881851196289,"z":-22.52332878112793},"rotation":{"x":0.013932755216956139,"y":-0.9840430617332459,"z":0.15357953310012818,"w":0.08996301889419556},"size":0.8660253882408142,"orthographic":false}